authorID,rank,name,PaperCount,CitationCount,year
2055247794,14728,A. El Abbadi,96,3270,2010
1965004193,13379,Aaron Hertzmann,163,15984,2018
2129619966,14525,Aarti Gupta,224,5526,2017
1985629368,13042,Abigail Sellen,300,15832,2016
2115569417,13688,Abraham Kandel,378,9217,1998
2251809919,13220,Abraham Silberschatz,246,13548,1996
2136484952,13759,Adam Finkelstein,122,9484,2014
2132461468,12835,Adam Smith,325,23339,2020
2201755339,11381,Adi Shamir,238,63949,2020
457026902,14003,Adnan Darwiche,217,9508,2018
2213385919,12150,Adrian Perrig,366,45194,2016
2110155496,13822,Ahmed E. Hassan,316,14683,2022
2057816297,13431,Ahmed K. Elmagarmid,294,16516,2012
1208251994,13936,Ahmed Sameh,241,4767,1999
2228514421,14089,Aidong Zhang,423,8416,2017
660900409,14314,Akinori Yonezawa,223,4349,1999
2000084407,13619,Alan Bundy,617,9686,2014
2472388376,13690,Alan Edelman,160,12164,2020
1970116039,13486,Alan H. Barr,70,9452,1995
2443838674,16515,Alan Kay,29,1130,2008
727408494,15534,Alan W. Biermann,66,1014,2000
2743143419,15106,Albert G. Greenberg,47,1583,2006
2250310737,14057,Albert R. Meyer,115,4748,2000
681596721,12014,Alberto Sangiovanni-Vincentelli,1016,39038,2014
2110739081,13666,Alec Wolman,89,8295,2018
2067453598,13147,Alex Aiken,293,17081,2008
2112598219,13734,Alex C. Snoeren,167,8368,2018
1459957267,14331,Alex Pothen,127,4420,2022
2115607830,13244,Alexander L. Wolf,271,12365,2006
2115388567,13328,Alexander Vardy,243,12248,2017
2244150349,13881,Alfons Kemper,371,8486,2022
2380581373,11817,Alfred V. Aho,137,30292,1996
2105930983,14213,Alfred Z. Spector,57,1969,2006
2121878995,13918,Alistair Sinclair,105,7487,2012
2009650199,14353,Alla Sheffer,137,7227,2021
2130144971,13682,Allan Borodin,134,8196,2014
2293769500,14801,Allan Gottlieb,70,1591,2004
935383222,13691,Allison Druin,251,9176,2016
2147783234,13337,Alok Choudhary,675,16648,2009
2154833104,12932,Alon Halevy,217,22880,2006
2274593112,15074,Ambuj Goyal,36,1787,2002
295064773,12344,Amin Vahdat,347,32474,2011
2171343426,12267,Amir Pnueli,321,34407,2007
2295682018,12512,Amit P. Sheth,795,33666,2020
2159933393,12609,Amit Sahai,260,34287,2018
1577021311,12836,Amos Fiat,154,14575,2021
2120785847,13777,Amr El Abbadi,291,9681,2010
2167092868,13708,Anand Sivasubramaniam,319,10037,2017
2282754113,13105,Anant Agarwal,244,14793,2007
2024002627,14291,Anastasia Ailamaki,220,7345,2015
2005108218,14449,Andreas Moshovos,132,5555,2017
2617797510,16606,Andreas Reuter,46,994,2019
2106620385,13582,Andreas Zeller,296,14157,2010
2614356407,13747,Andrew A. Chien,245,8062,2004
2141746463,13938,Andrew C. Myers,171,9803,2013
2101841271,13908,Andrew D. Gordon,197,11266,2020
2165119604,14814,Andrew M. Pitts,113,4402,2012
2131293038,12042,Andrew McCallum,397,54587,2017
2112376960,16478,Andrew Myers,38,813,2013
2068854845,12917,Andrew S. Tanenbaum,327,15733,1996
2130754085,12677,Andrew Tomkins,212,22691,2020
2129291095,13093,Andrew V. Goldberg,165,14398,2009
2120329599,13768,Andrew W. Appel,233,8992,1998
2149961428,13571,Andries van Dam,114,4999,1994
2202017631,14743,André Seznec,154,3507,2016
299775663,13230,Angelos D. Keromytis,380,16318,2017
2162010601,11062,Anil K. Jain,986,150955,2003
2105257805,14219,Anita K. Jones,25,1544,1996
227075345,14231,Anne Condon,140,6506,2010
699770294,13328,Anne-Marie Kermarrec,315,14759,2016
2199033490,14862,Anthony I. Wasserman,94,1956,1996
2534974593,13672,Anthony Ralston,59,3879,1994
2421154409,13993,Antonio González,350,8552,2020
2101398122,13433,Aravind K. Joshi,266,13255,1998
2128242943,13730,Aravind Srinivasan,222,10397,2014
2132849971,13338,Arie E. Kaufman,435,13832,2009
2169735298,13886,Arnold L. Rosenberg,274,5199,1996
2088689873,13050,Arvind Krishnamurthy,309,20588,2020
2240333828,13193,Ashutosh Sabharwal,324,14208,2022
2135728993,14395,Assaf Schuster,253,6008,2015
31335080,12545,Avi Wigderson,310,25818,2018
2137000917,12639,Avrim Blum,233,25028,2007
1227273176,14190,Axel van Lamsweerde,75,6716,2000
2149857775,11411,Azriel Rosenfeld,641,39771,1994
2236620033,13437,B. Chandrasekaran,191,8905,1996
336558674,13509,Baba C. Vemuri,288,11291,2009
117387042,13776,Babak Falsafi,207,10965,2015
2153421060,13901,Baining Guo,235,10910,2011
2108719851,13382,Balaji Prabhakar,151,12270,2017
2139647612,13995,Barbara G. Ryder,173,7396,1998
328532754,13524,Barbara J. Grosz,155,11477,2003
2084056563,12593,Barbara Liskov,197,20533,1996
2068686281,12369,Barry Boehm,533,30449,1997
1966117383,13110,Bart Selman,246,18848,2012
2155251401,13531,Barton P. Miller,231,8633,2001
2242179040,14186,Batya Friedman,131,7713,2021
2047212534,15107,Bella Bose,147,2457,2004
668764113,11936,Ben Shneiderman,756,54380,1997
2166435812,12663,Ben Y. Zhao,237,21995,2021
2037466936,13487,Beng Chin Ooi,393,15973,2011
1988947184,13660,Benjamin C. Pierce,253,13352,2012
688151781,14233,Benjamin W. Wah,255,5853,2004
2395715331,14930,Bernard A. Galler,61,686,1994
2076086827,13226,Bernard Chazelle,226,15667,1996
1989269690,13626,Bernhard Nebel,279,9984,2021
2224599527,15866,Bernhard Schoelkopf,59,1581,2017
1620943014,11980,Bernt Schiele,498,52774,2021
2161925446,13195,Bertrand Meyer,404,14580,2008
2298201484,13757,Bhavani Thuraisingham,668,8770,2018
2289360256,13288,Bill Curtis,86,11038,2022
2244698799,12564,Bing Liu,432,44134,2015
179039431,13168,Bjarne Stroustrup,123,9702,1994
2199786071,13801,Boaz Barak,185,11967,2022
2315546843,13524,Bonnie Berger,328,19165,2003
2141255014,14022,Bonnie J. Dorr,263,7446,2020
2117127927,12733,Brad A. Myers,461,22238,2005
2131229705,12480,Brent Waters,164,38002,2021
2178752965,14287,Brian Levine,203,13976,2020
2157465969,13451,Brian Neil Levine,126,12813,2020
2029293694,13088,Brian Randell,273,11171,2008
302009331,14476,Bronis R. de Supinski,198,5389,2022
2134251575,15906,Bruce Croft,23,1224,1997
731745793,13655,Bruce M. Maggs,178,9433,2018
2183038711,13994,Bruce R. Donald,231,7814,2009
2110661079,14652,Bud Mishra,210,3296,2007
2717655333,15768,Burton Smith,43,1385,1994
1785551945,12181,Butler W. Lampson,165,14096,1994
2132561488,15774,C. Dianne Martin,84,802,1999
1999182239,14472,C. J. van Rijsbergen,75,2714,2003
2124749556,12908,C. Lee Giles,556,21355,2006
2111484020,14723,Carl Ebeling,82,3299,2011
2045278166,11990,Carl Kesselman,268,44693,2017
2233149120,14003,Carlo Ghezzi,307,7746,1999
139773092,13456,Carlo H. Séquin,246,6129,1998
2198144429,12803,Carlo Tomasi,155,26465,2016
2028117853,13698,Carlo Zaniolo,322,8948,2019
2182731144,14161,Carlos José Pereira de Lucena,490,5896,2013
2133227394,12918,Cathy H. Wu,310,31962,2020
345432764,14058,Catriel Beeri,85,5679,2007
2075027297,15762,Chandra Narayanaswami,37,1081,2020
2006893438,13782,Chandrajit L. Bajaj,361,9445,2009
16313686,13972,Chandramohan A. Thekkath,59,5157,2009
2137029746,12271,Charles E. Leiserson,204,38535,2006
2100283947,15256,Charles P. Thacker,22,1565,1994
2315463675,14018,Charles W. Bachman,40,1191,2014
2146335907,12632,Charu C. Aggarwal,627,37519,2013
2152766206,13029,ChengXiang Zhai,452,25646,2017
2099764636,13312,Chenyang Lu,307,16280,2020
396576954,15849,Cherri M. Pancake,69,843,2001
2111630871,15396,Chien-Ming Chen,177,2100,2006
2168176072,12255,Chih-Jen Lin,182,71979,2015
2311529153,13848,Chris S. Wallace,76,5503,1995
2250947825,13866,Christian Cachin,169,8181,2019
2187435788,15333,Christian Damsgaard Jensen,130,1685,2011
2159644763,13150,Christian S. Jensen,570,20063,2011
2156811675,13892,Christine L. Borgman,360,7637,2013
84450470,12937,Christophe Diot,242,18124,2005
2198983026,11809,Christos Faloutsos,776,64947,2010
2220829341,12008,Christos H. Papadimitriou,463,49307,2001
713250648,13368,Christos Kozyrakis,216,16080,2016
2644649439,14803,Christos Papadimitriou,220,5048,2001
229573375,13189,Claire Cardie,225,17086,2019
2163169701,14165,Clarence A. Ellis,82,4970,1998
2142468959,13623,Cliff B. Jones,344,9185,1995
2281900866,14780,Clifford A. Lynch,104,2355,2017
2148836898,13561,Clifford Stein,218,14048,2012
2090235954,14527,Constantinos Daskalakis,147,6026,2022
2237799081,14340,Cordell Green,39,1646,1994
2134830209,12560,Corinna Cortes,120,36028,2022
2130341195,13883,Cormac Flanagan,142,9792,2020
1991211814,13289,Craig A. Knoblock,358,13518,2017
2060802895,13369,Craig Boutilier,253,15771,2012
2248009761,14107,Craig Gotsman,172,7691,2022
2108566742,13272,Craig Partridge,113,9891,2003
208343995,12267,Cynthia Dwork,197,36007,2015
2104129307,12684,Dacheng Tao,1216,55766,2019
2195039702,13912,Dahlia Malkhi,212,8269,2011
2144406363,14412,Dale Miller,207,6009,2021
201828038,11845,Dan Boneh,350,62964,2016
108551919,13730,Dan Gusfield,154,11324,2017
2130285077,14644,Dan Halperin,193,4171,2018
2148302434,14368,Dan R. Olsen,83,3261,2006
2122007671,12782,Dan Roth,505,22311,2011
1986159374,12856,Dan Suciu,366,21307,2011
2421071093,13818,Daniel A. Menascé,236,8023,1997
2421208202,13683,Daniel A. Reed,252,8066,2003
1986498546,13098,Daniel A. Spielman,102,13545,2010
9988965,13050,Daniel Cohen-Or,405,26348,2021
2624621800,15155,Daniel D. McCracken,42,680,1994
2170206103,13192,Daniel J. Abadi,81,14126,2020
250841333,13636,Daniel J. Rosenkrantz,141,5560,1995
2120858950,14208,Daniel Jackson,138,7144,2016
2223948068,12639,Daniela Rus,803,35576,2014
1983290808,12643,Danny Dolev,292,17788,2007
2148365076,14247,David A. Bader,279,6344,2021
2098984663,11689,David A. Patterson,523,63305,1994
2316719408,13275,David A. Wood,732,29081,2005
1983664831,14168,David B. Lomet,159,5943,2002
2203547071,13873,David Basin,363,9863,2018
2112153251,13525,David Brooks,245,13356,2020
2135387429,12395,David D. Clark,202,18716,2001
2002613147,13318,David Eppstein,419,14567,2011
2069733440,14086,David F. Bacon,130,5375,2009
2003447161,12458,David Forsyth,349,25053,2013
2256096860,12851,David Garlan,390,22216,2013
1980295760,13166,David Gries,219,9831,1994
2135926280,14408,David Grove,105,5117,2012
427806604,12562,David Harel,370,25805,1994
2021640924,12119,David Heckerman,420,48346,2011
1979791317,12334,David J. DeWitt,220,25628,1995
2029723031,15405,David J. Farber,32,858,2001
2067941078,15700,David J. Kasik,52,717,2013
705603598,13594,David J. Kuck,63,4689,1994
2222853225,12522,David K. Gifford,227,30427,2011
2043852209,13206,David Kotz,338,14277,2020
2148325455,12598,David L. Dill,237,26255,2005
2112308037,13190,David L. Mills,92,5513,1999
79943208,13685,David L. Waltz,90,5591,1999
88694571,12773,David Lorge Parnas,220,15047,1994
2289542319,12097,David M. Blei,300,68231,2015
2463054195,13459,David M. Mount,186,12310,2022
2170784007,13691,David M. Nicol,342,9582,2005
2618847259,14689,David MacQueen,34,2738,1999
2064546257,13032,David Maier,323,15562,1998
477007165,13665,David Notkin,167,9422,1998
573397282,13225,David P. Dobkin,97,13303,1997
2123005755,13638,David Padua,259,9064,2007
1903060929,13082,David Peleg,466,17961,2016
2182166124,13623,David S. Rosenblum,207,9820,2010
2163362677,14496,David S. Warren,126,4488,2000
2128700811,15250,David S. Wise,60,1188,2004
2041937263,13773,David Ungar,106,5922,2010
2064270007,12584,David Wetherall,171,23672,2011
2105831863,14718,David Williamson,129,5851,2013
2033707519,13957,David Z. Pan,485,8036,2021
2169649541,14106,David Zuckerman,95,6241,2013
2131252044,12150,Dawn Song,391,49182,2019
2127250160,11218,Deborah Estrin,627,79280,2000
1960698960,13416,Deepak Ganesan,145,9727,2021
668754370,12024,Demetri Terzopoulos,313,39650,2007
2080123422,14087,Denis Zorin,184,8140,2022
2082974086,13005,Dennis Shasha,485,18732,2013
2100396847,13389,Der-Tsai Lee,288,11085,1997
2041783100,13465,Dexter Kozen,288,12300,2003
2166965298,13153,Dharma P. Agrawal,726,17433,1998
2094557653,14345,Diana Marculescu,256,6173,2019
145047672,15464,Diane L. Souvaine,79,1376,2011
1987600604,12908,Diego Calvanese,461,23037,2019
2231782831,12052,Dieter Fox,324,42449,2020
194212017,12942,Dina Katabi,225,22727,2013
54991345,15186,Dines Bjørner,154,1857,2005
2146473740,12741,Dinesh Manocha,792,28036,2009
2196778472,12920,Divesh Srivastava,438,20888,2011
2169544959,13316,Divyakant Agrawal,460,16104,2011
2147025125,13639,Domenico Ferrari,76,4377,2001
2144924319,11940,Donald A. Norman,345,51231,2001
2137000881,11701,Donald E. Knuth,320,47647,1994
2474479974,14891,Donald E. Thomas,95,2145,2007
2242617642,13359,Donald Kossmann,279,13102,2010
2086033821,12939,Donald P. Greenberg,163,12633,1995
290533546,14569,Donald W. Loveland,58,4658,2000
2103789662,12520,Dong Yu,327,31679,2022
2607944759,15508,Donn B. Parker,43,922,2001
2054682710,12449,Dorin Comaniciu,609,35917,2017
2357457453,12849,Dorothy E. Denning,130,12315,1995
2307956062,12824,Douglas B. Terry,111,12930,2008
2157490056,15308,Douglas C. Burger,136,2154,2010
2149828693,13502,Douglas E. Comer,250,6514,2000
678127074,13513,Dragomir R. Radev,260,15993,2015
2237883256,13452,Ed H. Chi,286,15113,2022
2167811012,13628,Edith Cohen,149,9240,2017
2462175395,15356,Edmund Clarke,161,2284,1998
2129477832,12083,Edmund M. Clarke,365,55163,1998
2670407451,13687,Edouard Bugnion,60,5466,2017
2137842401,11843,Edsger W. Dijkstra,227,38667,1994
2086686599,13295,Edward A. Feigenbaum,189,6974,2007
2159046469,13121,Edward A. Fox,578,11120,2017
2307951894,13865,Edward M. Reingold,102,7038,1996
234653941,13325,Edward W. Felten,144,11232,2007
2419965122,13625,Edward Y. Chang,335,11907,2021
2139423477,13307,Elad Hazan,162,14789,2021
697582,13678,Elaine J. Weyuker,163,9185,1997
1735009869,13881,Elchanan Mossel,241,9190,2021
2170777979,13907,Elena Ferrari,354,8249,2019
265232414,13347,Eli Upfal,241,12568,2005
717547165,12683,Elisa Bertino,1244,30306,2003
176939268,14752,Elizabeth Belding,146,3703,2018
18171182,13500,Elizabeth D. Mynatt,241,10922,2015
730947879,14010,Elizabeth F. Churchill,348,8108,2019
2047986224,13055,Ellen M. Voorhees,173,15335,2018
2068860363,13383,Ellen Zegura,226,11873,2013
2091164281,14721,Eric Allender,174,3394,2006
2311152712,15438,Eric Grimson,40,2063,2014
1970391018,12092,Eric Horvitz,889,56956,2014
582660059,13399,Erol Gelenbe,588,16877,2001
171783842,13209,Eugene H. Spafford,225,9880,1998
1804802447,13843,Evgeniy Gabrilovich,135,11502,2021
2002204972,16146,Faith Ellen,57,870,2014
270906047,13493,Farinaz Koushanfar,312,14008,2022
2122982230,13386,Farnam Jahanian,127,9551,2009
2472728339,14366,Feifei Li,190,6105,2021
2291088731,12169,Fernando Pereira,210,39489,2010
2248192384,13535,Filippo Menczer,240,18152,2020
2022488008,14829,Foto N. Afrati,145,2909,2014
2052618510,13876,Francine Berman,120,6863,2000
2012531759,12810,Franco P. Preparata,210,15467,1995
2107119837,14000,Frank Mueller,281,7926,2018
114048148,13919,Frank Pfenning,271,10973,2015
2271303423,14923,Frank Wm. Tompa,93,1807,2010
2106636992,13108,Fred B. Schneider,256,14677,1995
2130226629,12944,Frédo Durand,298,26818,2016
2722433249,14215,Gabriel H. Loh,232,7387,2017
141796421,12824,Gaetano Borriello,259,16349,2009
2100357700,13624,Gail C. Murphy,195,12217,2017
1961305742,14767,Ganesan Ramalingam,110,3575,2016
2235094860,12763,Garth A. Gibson,245,17430,2012
2156579430,12537,Gary J. Sullivan,152,26631,2022
2155251200,13406,Gary L. Miller,280,10003,2002
2153820154,13920,Gary M. Olson,205,8194,2007
2112689123,13625,Gautam Das,398,11302,2021
465425324,12704,Gene Tsudik,408,23773,2014
2165267828,12744,Geoffrey C. Fox,945,20000,2011
241629895,12918,Geoffrey M. Voelker,196,16763,2017
1873538321,13341,Georg Gottlob,426,18509,2007
2140331667,14120,George E. Collins,51,3252,2004
2172094290,12751,George G. Robertson,207,18443,2001
2040462121,12597,George Varghese,276,24364,2002
278923979,13516,Gerald Tesauro,116,8934,2018
2028047182,13467,Gerard J. Holzmann,161,14015,2011
2101230262,11693,Gerard Salton,222,43963,1995
2176357113,13218,Gerhard Fischer,480,18536,2009
514836396,12785,Gerhard Weikum,786,27006,2005
2229929104,13880,Gernot Heiser,227,9391,2014
1988326922,13101,Gio Wiederhold,309,13566,1995
2192390985,13099,Giovanni Vigna,273,20062,2019
2113802512,13310,Giuseppe De Giacomo,348,14031,2015
3118800607,13383,Gonzalo Navarro,521,17741,2022
2101413274,14562,Gopal Gupta,259,3581,1998
2108307508,13334,Gordon B. Davis,103,24445,1997
2076549375,13216,Gordon Plotkin,200,16537,2020
64567716,12385,Grady Booch,159,23934,1995
2190072679,13670,Graham Cormode,243,13344,2020
683339272,14283,Greg Morrisett,116,6042,2013
562619066,13350,Gregor Kiczales,106,15207,2012
2093074657,13839,Gregor von Bochmann,322,5477,1996
620732773,12356,Gregory D. Abowd,435,35827,2008
2160887871,14670,Gregory R. Andrews,49,2757,1998
2225363634,15802,Guang Gao,81,2720,2007
1909978535,14123,Guang R. Gao,430,6448,2007
2161553928,13442,Gul Agha,331,12721,2018
171423152,13593,Gurindar S. Sohi,132,9504,2003
2122271048,13420,Gustavo Alonso,405,14590,2012
149058271,13580,Guy E. Blelloch,244,10250,2011
2501552208,12915,Guy L. Steele,169,12638,1994
360112113,12765,H. V. Jagadish,386,22637,2003
2913216944,14089,Haesun Park,240,9702,2020
685665164,14102,Hagit Attiya,219,6364,2009
2171500837,13743,Haitao Zheng,201,9830,2022
1177580883,15807,Hal Berghel,116,876,1998
2213038480,13513,Hamid Pirahesh,88,8838,2008
89934235,12800,Hanan Samet,370,21889,1996
2128739099,13553,Hang Li,255,16651,2022
2050071469,13980,Hans-Jörg Schek,152,6320,2001
1919135125,12232,Hans-Peter Kriegel,439,51508,2009
2135052836,12579,Hans-Peter Seidel,1142,35950,2009
2102290556,13255,Hanspeter Pfister,431,19995,2019
1998464616,11205,Hari Balakrishnan,300,87795,2008
2166638240,15457,Harold Joseph Highland,134,435,1995
1987182166,13876,Harold N. Gabow,124,7396,2002
237419955,11837,Hector Garcia-Molina,562,52664,1997
2116772828,13913,Heng Tao Shen,420,14912,2020
2469462003,12303,Henning Schulzrinne,657,32349,2014
665840641,13687,Henry F. Korth,138,7367,2000
2196043388,12832,Henry Fuchs,339,14681,1995
737098973,12652,Henry M. Levy,188,17390,1996
2118103072,10925,Herbert A. Simon,841,144976,1994
2147729234,12520,Heung-Yeung Shum,429,34589,2006
2101434678,12585,Hiroshi Ishii,812,25679,2022
87749410,13288,Holger H. Hoos,298,19920,2020
258783921,13879,Holly Rushmeier,213,6631,2016
2105324944,14278,Hong Mei,333,6475,2022
2157743775,12919,Hsinchun Chen,810,28226,2015
2122391114,12506,Huan Liu,1066,49103,2018
2179606196,14373,Hubertus Franke,185,4643,2021
2206701583,12669,Hugues Hoppe,139,24980,2011
37595673,11766,Ian F. Akyildiz,626,87778,1997
2017222965,11545,Ian Foster,899,75764,2009
2163446563,11887,Ian H. Witten,476,69557,1996
2207680952,15705,Ian Munro,77,2071,2008
1982738670,14452,Ihab F. Ilyas,158,7174,2020
2953271361,13835,Imrich Chlamtac,145,7150,1997
2128956250,12326,Ingemar J. Cox,308,26139,2013
2168261197,13510,Insup Lee,560,12743,2017
2161479384,11614,Ion Stoica,474,80970,2012
2082509128,14652,Irene Greif,28,752,1997
2159697352,13975,J. Eliot B. Moss,100,7280,2007
2112233366,13696,J. Strother Moore,142,6930,2006
2078225852,16057,J. Turner Whitted,25,1000,1995
2236499141,12450,J.J. Garcia-Luna-Aceves,597,22195,2008
2146000762,15732,Jack Dennis,25,951,1994
288512535,11812,Jack Dongarra,1447,51115,2001
250356191,13712,Jack Minker,171,7576,1994
2138526175,14387,Jack W. Davidson,180,3925,2008
2168440518,15958,Jacob Abraham,38,1007,2001
318516288,13862,Jacob O. Wobbrock,221,12586,2021
1982462162,13939,Jaime Teevan,183,10665,2022
29409133,13176,James A. Landay,256,17501,2016
2097030689,13267,James Allan,304,13428,2020
2104477647,14370,James C. Browne,218,3733,1998
2193907057,12946,James D. Foley,151,11556,1999
700277173,12789,James Demmel,401,25426,1999
2130693759,15919,James Goodman,134,676,2010
2151583810,13299,James Gosling,72,11520,2013
2271243278,16127,James M. Adams,32,840,1994
635023701,13173,James R. Larus,247,15182,2006
2001749418,13234,Jan Camenisch,295,16272,2018
2129935094,13736,Janak H. Patel,178,8176,2001
2141300993,15923,Janis A. Bubenko,34,657,2004
2132574706,13006,Jason Cong,606,21310,2008
1992040104,13833,Jason Flinn,100,6402,2016
2141131632,13258,Jason Hong,280,17138,2022
2241681790,14067,Jason Nieh,172,5663,2019
2105352400,13657,Jayadev Misra,127,7182,1995
44170712,14563,Jayant R. Haritsa,137,4119,2015
651606667,15271,Jean E. Sammet,67,735,1994
2954918469,14630,Jean-Pierre Hubaux,183,3336,2010
2706396683,13875,Jeanne Ferrante,96,7744,1996
1584891692,13106,Jeannette M. Wing,220,17082,1998
2593909138,15785,Jeffrey A. Dean,47,1377,2009
2018433396,12614,Jeffrey C. Mogul,164,15879,2001
2289364316,11470,Jeffrey D. Ullman,369,61661,1995
2075622585,12931,Jeffrey F. Naughton,234,16021,2002
345909134,13929,Jeffrey S. Rosenschein,217,7615,2019
118037170,13003,Jeffrey Scott Vitter,304,14792,1996
2021736417,13790,Jennifer Chayes,217,10600,2010
1998722161,12127,Jennifer Rexford,384,38358,2008
671527850,12246,Jennifer Widom,261,36144,2005
601642093,13390,Jessica K. Hodgins,272,15612,2018
2126330539,12741,Jian Pei,464,35622,2015
2121939561,11436,Jiawei Han,1134,122571,2003
2158012360,13740,Jie Tang,456,15299,2021
2059910451,13036,Jiebo Luo,775,25124,2018
2155925739,13862,Jignesh M. Patel,180,10823,2014
2131537204,11970,Jim Gray,268,41641,1994
2115541029,14409,Jin-Yi Cai,216,5019,2001
2136556746,11042,Jitendra Malik,428,117648,2008
2167932487,13180,Joan Feigenbaum,200,11268,2001
2068668851,13665,Jodi Forlizzi,248,13809,2020
2103115969,13353,Joel Emer,162,15734,2004
855633617,13414,Johan Håstad,127,11695,2018
2083845045,12532,Johannes Gehrke,290,30897,2014
2123315865,14572,John A. Lee,127,6724,1994
2030977062,12334,John A. Stankovic,567,40460,1996
1950502168,11446,John B. Goodenough,1112,105269,1995
2125383417,12756,John C. Mitchell,613,27125,2008
2403193723,13866,John C. Reynolds,65,7883,2001
2101610026,12214,John Canny,307,39848,2020
2148002644,14911,John Carroll,141,1543,2003
2079447303,11726,John E. Hopcroft,219,39897,1994
2098086841,13355,John E. Laird,241,10514,2006
2128411992,14482,John E. Savage,99,1895,1996
2051256779,13156,John H. Reif,431,17288,1997
2250717697,14272,John Hershberger,97,6023,2012
1965698830,12381,John L. Hennessy,190,24381,1997
343041661,15140,John Launchbury,76,2513,2010
2144459651,12633,John M. Carroll,804,28195,2003
2498471291,14842,John McCarthy,121,4448,1994
2249219846,14051,John Mellor-Crummey,180,7100,2013
270493864,12431,John Ousterhout,124,16082,1994
2146676729,13593,John P. Hayes,303,9838,2001
2119205101,13382,John R. Rice,420,7980,1996
2087252583,13463,John Stasko,288,13856,2022
2113619521,15118,John T. Richards,102,2072,1998
120651226,13182,John V. Guttag,235,14182,2006
2242421647,13549,John Wilkes,141,10384,2002
1970640687,12435,Jon Crowcroft,717,32394,2002
2261367123,11807,Jon Kleinberg,350,68225,2013
2103856929,13271,Jonathan Grudin,237,13356,2012
2237101560,13125,Jonathan Katz,258,19740,2021
2097064579,13446,Jonathan Rose,202,12309,2008
2515577200,16164,Jonathan Turner,37,578,2001
2036890539,13630,Joost-Pieter Katoen,399,14389,2020
2154776208,13790,Josep Torrellas,296,10367,2010
2002483998,12262,Joseph A. Konstan,260,42113,2008
2063640528,12271,Joseph M. Hellerstein,288,32051,2009
2471980986,15742,Joseph Mitchell,70,1245,2011
1995729299,13483,Joseph O'Rourke,353,9051,2012
2105927184,13293,Joseph Sifakis,205,12478,2012
716715026,12520,Joseph Y. Halpern,457,29267,2002
20186083,12549,Joshua Lederberg,394,15323,1994
2651294325,14757,José A. Blakeley,90,2654,2009
2153722525,15308,José L. Encarnação,230,614,1996
2141313922,13095,José Meseguer,456,18976,2020
705764827,14985,Joël Ouaknine,135,3328,2021
2133271327,15385,Juan E. Gilbert,225,1239,2018
2248165042,11822,Judea Pearl,445,65196,2015
2471044010,15742,Judith Gal-Ezer,84,1005,2021
2121613656,15227,Judith S. Olson,87,1862,2008
1983359683,13518,Julia Hirschberg,325,13453,2015
2116519607,13884,Juliana Freire,275,9550,2014
327575412,13202,Juris Hartmanis,208,9997,1994
2245648575,13642,Justine Cassell,173,11284,2016
2094197253,13404,János Pach,415,10961,2011
3175435962,15564,K. K. Ramakrishnan,42,1238,2017
710865586,13785,K. Rustan M. Leino,127,9931,2016
2150011549,11576,Kalyanmoy Deb,721,106254,2022
2160067404,12428,Kang G. Shin,851,32847,2001
39739974,14008,Karem A. Sakallah,200,7383,2012
2062901400,13216,Katherine Yelick,280,13321,2012
2134374908,15099,Kathleen Fisher,89,1948,2010
2115847858,13745,Kathryn S. McKinley,238,11479,2008
2143783256,14241,Katy Börner,244,7751,2018
2050228312,14005,Kavita Bala,158,7223,2019
2155786059,14204,Keith D. Cooper,132,5235,2005
677445823,14114,Keith Marzullo,150,4845,2011
726568899,13658,Kenneth C. Sevcik,87,6546,1997
2192925305,13954,Kenneth E. Batcher,62,3274,1994
235792877,12895,Kenneth Steiglitz,199,12311,1997
2114684898,13362,Kentaro Toyama,241,14189,2022
741769158,13072,Keshab K. Parhi,754,17129,2020
651843436,14054,Keshav Pingali,257,7705,2012
2086421335,13519,Kevin Fall,59,11133,2015
1964944407,13899,Kevin Fu,117,7912,2022
191979884,13844,Kevin Leyton-Brown,182,11949,2020
1975721694,13233,Kevin Skadron,301,17899,2015
1894617025,14402,Kimberly Keeton,111,4304,2018
159144305,12892,Klara Nahrstedt,687,20832,2012
2073670118,16129,Koji Torii,77,557,1999
2086842834,12932,Krishnendu Chakrabarty,1054,24240,2013
323797451,13180,Krithi Ramamritham,460,14087,2001
677108321,13537,Krste Asanovic,228,12555,2018
2137211123,13106,Kui Ren,466,26293,2020
2463834394,14111,Kun Zhou,247,9257,2020
512556102,13115,Kurt Mehlhorn,571,16295,1999
1933211966,14571,Kyu-Young Whang,189,3464,2009
2161168953,13329,Kyuseok Shim,165,13039,2013
2113696107,15060,L. Jean Camp,214,2047,2021
2276785809,13662,Lance Fortnow,177,7542,2007
704531558,14542,Larry Constantine,74,2329,2007
2144500278,12331,Larry L. Peterson,199,26654,2000
2123954037,12028,Larry S. Davis,715,45727,2012
2170557315,14539,Lars Arge,160,5351,2012
2149590827,14748,Lars Birkedal,172,4343,2017
2304639312,13652,Laura M. Haas,100,8351,2006
2057929015,13900,Laurie Hendren,173,8902,2009
2175749388,13684,Laurie Williams,392,11598,2020
2242628833,13654,Lawrence A. Rowe,102,5560,1998
2016735973,13847,Lawrence C. Paulson,249,10405,2008
2150766934,15201,Lawrence H. Landweber,30,1423,1996
2115450241,13314,Laxmikant V. Kale,375,25390,2017
258781275,12697,Leandros Tassiulas,589,23025,2020
2248607981,13886,Leon J. Osterweil,293,5538,1998
253749410,11975,Leonard Kleinrock,247,21148,2000
2009176085,12228,Leonard M. Adleman,73,22760,2021
1971151415,14128,Leonid Libkin,268,7638,2012
356043702,12123,Leonidas J. Guibas,576,60408,1999
2000097935,12529,Leslie G. Valiant,110,24668,2012
2096750770,11861,Leslie Lamport,236,44049,2014
2162413711,14790,Li Erran Li,74,3963,2017
2158515488,13622,Lidong Zhou,129,9378,2019
2264739303,14195,Lieven Eeckhout,335,7621,2021
2121935375,13606,Lili Qiu,171,10706,2018
2124867291,12880,Lillian Lee,87,24263,2018
2263195242,13884,Limsoon Wong,394,11599,2013
2111073952,13877,Lin Zhong,203,8223,2021
2144557644,13262,Lionel C. Briand,366,20049,2020
1984940772,13541,Lise Getoor,318,16005,2019
2170506047,11817,Lixia Zhang,355,39906,2006
2251223525,13610,Lixin Gao,328,11251,2012
2292936287,13892,Lorenzo Alvisi,121,9053,2010
368046975,12986,Lorrie Faith Cranor,356,21881,2014
285822418,14794,Louiqa Raschid,189,2703,2016
2054437942,12368,Luca Benini,1438,39313,2016
331751290,13216,Luca Cardelli,233,17278,2004
2115996045,14126,Luca Trevisan,189,7437,2021
2900035843,12936,Lui Sha,342,17694,2005
2023575095,13222,Luiz Andre Barroso,46,12368,2010
360895095,14032,M. Tamer Özsu,292,8516,2006
466258520,12866,Madhu Sudan,223,19332,2008
2345141441,13613,Magdalena Balazinska,170,9891,2019
416104820,12179,Mahadev Satyanarayanan,268,26710,2002
718039462,13534,Maneesh Agrawala,239,14051,2022
2114032439,14014,Manish Gupta,216,6686,2012
2157372337,13858,Manish Parashar,556,9198,2020
2163096604,12736,Manuel Blum,97,15265,2020
2268913824,14180,Manuel V. Hermenegildo,431,6189,2022
2108671403,12924,Manuela Veloso,699,22312,2016
2073891704,12411,Marc Levoy,143,32868,2007
2027155665,13915,Marc Najork,170,7367,2019
2198039525,12789,Marc Pollefeys,553,28041,2022
2282086102,13412,Marc Snir,229,12232,1999
2115609526,13944,Margaret Burnett,276,7830,2017
1972692845,13000,Margaret Martonosi,279,20285,2009
2337629383,13313,Margo Seltzer,222,9998,2011
720839854,14644,Maria Klawe,86,2918,1996
2078136799,14088,Marianne Winslett,294,6455,2006
563121846,11928,Mario Gerla,1049,47634,2018
2068669492,14740,Mark Braverman,161,4243,2021
91397146,12717,Mark Crovella,193,19529,2010
2112660313,12846,Mark D. Hill,292,22199,2004
195157884,13653,Mark Guzdial,294,10446,2014
1979641284,13685,Mark S. Ackerman,198,10758,2013
2309916366,14378,Mark S. Squillante,209,4024,2008
1976116216,14493,Mark Tehranipoor,313,5248,2021
2289975239,12934,Markus Gross,640,27193,2012
2156109015,13667,Marta Kwiatkowska,368,15095,2016
246373776,14527,Martin Farach-Colton,124,5126,2021
2300561433,14109,Martin Grohe,210,9830,2017
2117317669,14035,Martin L. Kersten,224,6611,2016
248131350,14287,Martin Odersky,163,7856,2007
343541395,13586,Martin Rinard,353,14254,2009
2545000257,11766,Martin Vetterli,792,48393,2009
2162106674,12267,Martín Abadi,313,44645,2008
151371205,13513,Mary Beth Rosson,394,13597,2020
2071984077,13351,Mary Czerwinski,340,16029,2015
2123342649,13494,Mary Jane Irwin,490,11715,1996
2098205087,14186,Mary K. Vernon,98,4679,1996
686913843,13922,Mary Lou Soffa,225,8336,1999
2141334907,13131,Mary Shaw,259,13719,1996
390930505,13874,Masaru Kitsuregawa,535,6368,2012
2134649964,13730,Mateo Valero,526,10545,2002
156043509,13531,Mathieu Desbrun,176,13697,2020
2156583880,14056,Matthew B. Dwyer,197,8118,2019
1231305195,13942,Matthew Roughan,178,6242,2018
2154441808,13415,Matthew T. Mason,198,9734,2021
2740893301,12489,Matthew Turk,196,25797,2020
113813022,13827,Matthias Felleisen,232,10240,2006
251194211,13354,Matthias Jarke,613,12101,2013
2068258939,12957,Maurice Herlihy,313,20487,2005
2224046207,13413,Maurice V. Wilkes,149,1865,1994
1976298713,13004,Maurizio Lenzerini,345,18408,2009
2614290841,14259,Meir M. Lehman,63,5216,1994
2102969555,12703,Mendel Rosenblum,99,16045,2008
2123314761,13986,Meredith Ringel Morris,229,10046,2020
2154115838,12707,Micha Sharir,525,22586,1997
2655339063,14132,Michael A. Harrison,104,3209,1996
2156496335,13739,Michael Cohen,185,7692,2007
2235702021,13483,Michael D. Ernst,224,15296,2014
2304366500,15035,Michael D. Harrison,218,2333,1996
2470914381,12854,Michael D. Schroeder,57,8135,2004
3049172691,13686,Michael F. Cohen,151,10110,2007
2061291788,14831,Michael Franz,152,3255,2015
2435751034,11207,Michael I. Jordan,833,149948,2010
2157114695,13065,Michael J. Carey,279,14884,2000
2159593723,12742,Michael J. Fischer,175,18295,1996
2439324408,13357,Michael J. Flynn,262,8173,1994
2523407221,12222,Michael J. Franklin,337,41463,2005
2144033718,13053,Michael J. Freedman,151,12012,2019
2260712038,12635,Michael K. Reiter,350,24185,2008
2133824905,12686,Michael Kass,41,21141,2017
2118586410,13053,Michael Kearns,217,16847,2014
1988080645,12520,Michael Mitzenmacher,353,29858,2014
2144633556,12567,Michael O. Rabin,109,14716,2020
2227744130,13055,Michael R. Lyu,646,27076,2015
2115482440,15559,Michael Reiter,114,1160,2008
2111432008,14122,Michael Scott,147,9659,2006
324740313,13496,Michael Sipser,51,8788,2017
1998938290,11986,Michael Stonebraker,406,30217,1994
2135853928,13633,Michael T. Goodrich,356,10519,2009
2345025092,12576,Michael Wooldridge,532,39734,2015
357521830,13807,Michael Zyda,185,6312,2020
2674390412,14303,Michel Beaudouin-Lafon,165,5347,2022
2112744756,14915,Michel Dubois,125,2235,2005
667657047,13620,Michel X. Goemans,129,10671,2008
2177091684,12951,Mihai Pop,173,47372,2019
294360276,12626,Mihalis Yannakakis,238,26376,1998
2052950829,12039,Mihir Bellare,252,41185,2013
1984264859,13597,Mikhail J. Atallah,335,11227,2006
1857373744,13432,Mikkel Thorup,226,12435,2005
2237142500,13052,Milind Tambe,674,20373,2013
2439529108,12350,Ming Li,1613,49154,2006
2112462370,12216,Ming-Hsuan Yang,514,61067,2021
2122365371,13194,Ming-Syan Chen,479,14739,2006
2089290244,13635,Minos Garofalakis,218,10922,2018
2303035752,14350,Mitchell Wand,116,4632,2007
2165917828,13322,Mohammed J. Zaki,310,18606,2021
2184493679,15194,Mona Singh,103,4902,2019
1023361224,12138,Moni Naor,230,36948,2020
2136170053,12676,Monica S. Lam,195,20524,2007
2695385476,13343,Monika Henzinger,220,11635,2016
1345056057,13986,Mooly Sagiv,174,8005,2015
2101141533,14020,Mor Harchol-Balter,191,8354,2017
2003165903,13283,Moses Charikar,172,15159,2020
127037394,13867,Moshe Tennenholtz,300,8130,2019
1970575723,12448,Moshe Y. Vardi,766,37769,2000
2097786798,12632,Moti Yung,457,24859,2013
2306655439,13223,Munindar P. Singh,615,16892,2021
2031695674,14027,Nachiappan Nagappan,172,10391,2020
2115359679,14493,Naehyuck Chang,271,4423,2015
2110497244,13918,Nam Sung Kim,303,8577,2020
2180706138,12526,Nancy Lynch,408,26977,1997
2084418087,14208,Nancy M. Amato,275,7052,2015
2129011837,12748,Narendra Ahuja,469,23927,1996
2070393103,14138,Narsingh Deo,122,3987,1996
2116419005,13852,Neil D. Jones,184,7766,1998
2036035498,14020,Neil Immerman,128,7797,2002
2924355991,17073,Neil Jones,30,501,1998
2189376613,14033,Nelson Max,166,4526,2011
2094387482,14052,Nicholas Pippenger,118,4374,1997
1373210103,13101,Nick Feamster,310,15158,2016
218283174,12111,Nick McKeown,224,38079,2006
258753967,13448,Nick Roussopoulos,160,8123,2001
2327738716,12793,Niklaus Wirth,200,8961,1994
2165412067,13529,Ninghui Li,239,14134,2021
2112574952,12058,Noga Alon,732,35350,2016
2056937161,14125,Noshir Contractor,292,9359,2019
2116126005,13458,Nuria Oliver,212,14170,2017
53636449,15288,Olga Sorkine-Hornung,113,3148,2020
109346679,13718,Omer Reingold,124,10030,2014
2160510735,13119,Onur Mutlu,495,28359,2017
1975479660,13506,Ophir Frieder,425,12161,2005
1993734283,13517,Orna Grumberg,164,15413,2015
2268403478,13515,Oscar H. Ibarra,381,7995,1995
2175821055,13694,Ouri Wolfson,252,9633,2001
182206759,14578,Ozalp Babaoglu,118,4337,2002
2101866374,14493,P. C. van Oorschot,69,5260,2016
2141776277,13794,Pablo Rodriguez,150,8723,2015
2137074633,12718,Padhraic Smyth,374,28703,2013
1657786716,14358,Pamela Samuelson,342,2844,1999
248253975,14437,Pamela Zave,117,4108,2001
2242511651,14281,Paola Inverardi,260,6517,2021
2408455160,13341,Parthasarathy Ranganathan,246,14205,2014
2225733586,12491,Pat Hanrahan,263,32240,2008
2045132998,15068,Patricia G. Selinger,32,1159,2009
2148533322,13385,Patrick Cousot,160,16725,2020
2056207806,12869,Patrick McDaniel,284,27892,2015
599389352,12678,Patrick Suppes,538,15903,1994
2223920688,13534,Patrick Valduriez,419,10627,2012
2078767370,13519,Paul Barford,168,9137,2016
2296249340,12948,Paul Barham,80,25604,2018
2019007185,14518,Paul Beame,119,4686,2019
847797360,13060,Paul Dourish,219,21763,2015
2159432867,13749,Paul Hudak,134,8856,2003
2020459140,12857,Paul Resnick,124,20092,2020
2051205022,13375,Paul Syverson,147,12245,2014
2142498536,14450,Paul Young,102,3845,1995
2148643341,14180,Per-Ake Larson,98,5644,2004
2628783441,14653,Per-Åke Larson,71,2147,2004
2048758777,16178,Peter B. Key,54,1619,2011
2081047619,14015,Peter Boncz,215,6810,2022
2020138198,13342,Peter Buneman,171,13905,2000
2153265399,14688,Peter Freeman,94,2106,2000
2129006352,14478,Peter G. Neumann,201,2752,1994
2069086639,12531,Peter J. Denning,453,17053,1994
2118460571,13641,Peter J. Haas,180,8543,2013
1849627065,12544,Peter L. Bartlett,332,25569,2018
2139030624,14585,Peter Lee,99,3757,2004
2104365791,15410,Peter Magnusson,126,3730,2011
2686285044,13166,Peter Norvig,108,23207,2006
2120113151,13691,Peter P. Chen,97,7569,1998
2136661434,15870,Peter Schroeder,45,2453,2015
2147180669,11970,Peter Stone,1295,67881,2020
368308055,12524,Peter W. Shor,196,37189,2019
2024290158,14014,Peter Wegner,105,5935,1995
70450096,14198,Peter Widmayer,227,6864,1997
2304774990,12491,Philip A. Bernstein,256,25006,2001
2244447445,13846,Philip Heidelberger,208,9476,1996
2297443377,16394,Philip M. Lewis,29,744,1999
2109669342,14084,Philip N. Klein,127,7170,2010
2145462135,13430,Philip R. Cohen,162,10037,2019
2125104194,11642,Philip S. Yu,1827,91751,1997
2060729710,13443,Philip Wadler,192,17772,2007
2144092273,12967,Phillip B. Gibbons,256,19663,2006
720019886,14074,Phokion G. Kolaitis,201,7265,2005
2087987499,12994,Pierangela Samarati,363,18358,2021
2060797211,12971,Pierre Baldi,592,37582,2012
22135093,12568,Piotr Indyk,244,27561,2015
2195048431,12059,Prabhakar Raghavan,251,44919,2001
2216498992,14300,Prakash Panangaden,209,6129,2020
1481757371,14029,Premkumar Devanbu,158,9415,2018
2004361871,14099,Prithviraj Banerjee,278,5946,2000
2109031554,12340,Qiang Yang,1208,59860,2017
115057321,13276,Rachid Guerraoui,553,17315,2012
2068190112,13393,Rada Mihalcea,350,18761,2019
2151774571,14079,Radhika Nagpal,133,7280,2020
2618635485,16074,Radia Perlman,49,628,2016
158891262,13967,Radu Marculescu,273,9940,2022
2091057165,14327,Rafael Pass,213,6472,2022
1482108584,12696,Rafail Ostrovsky,375,23299,2021
2164040783,12545,Raghu Ramakrishnan,354,30000,2001
2157313770,12540,Raj Jain,413,20236,1996
2149385398,13459,Raj Reddy,96,6578,2012
689646243,12426,Rajeev Alur,319,35041,2007
2034912444,11764,Rajeev Motwani,237,65336,2007
2651564987,13161,Rajeev Rastogi,250,17853,2012
2180675385,12976,Rajesh Gupta,1088,20093,2016
2104865906,13120,Rajiv Gupta,876,19393,2009
2439481350,11226,Rakesh Agrawal,755,92387,2003
2238793978,13237,Ralf Steinmetz,1016,11869,2001
2069583943,11960,Ramakrishnan Srikant,78,44408,2014
2102043890,11965,Ramesh Govindan,387,37675,2011
2133201272,12281,Ramesh Jain,611,31713,2003
2040103212,12577,Ramin Zabih,123,24732,2012
687553606,12493,Ran Canetti,228,28424,2020
2472051909,13510,Randal E. Bryant,184,10355,2000
2246122413,11686,Randy H. Katz,441,52727,1996
2139439197,14040,Randy Pausch,68,5413,2007
2068611990,14048,Ranjit Jhala,125,8345,2021
2128927081,13345,Ranveer Chandra,278,12658,2022
1115548098,14221,Rastislav Bodik,129,7906,2018
2187777059,13359,Ravi Kannan,135,11546,2016
2559411768,13889,Ravi Kumar,767,9916,2020
2146115641,13768,Ravi Ramamoorthi,214,12622,2017
1996714504,12652,Ravi Sandhu,395,24667,2001
2239086285,13035,Ravi Sethi,69,11826,1996
2122615330,15074,Ravishankar Iyer,135,2527,2001
2115084254,13584,Ravishankar K. Iyer,396,10403,2001
2255242933,12900,Raymond A. Lorie,49,8885,2000
2413689514,16054,Raymond Miller,49,1655,1997
2162621422,13019,Raymond Reiter,95,16100,1997
2127844901,14033,Reinhard Wilhelm,256,7435,2000
2155853947,13398,René Vidal,342,19802,2022
528588921,12668,Ricardo Baeza-Yates,515,27672,2009
2169611794,13929,Ricardo Bianchini,177,8146,2016
233538037,14110,Richard A. Kemmerer,107,5525,1997
2606028354,14228,Richard D. Schlichting,146,4977,2001
1505021651,13311,Richard E. Ladner,275,12002,1995
2136233962,15112,Richard E. Nance,125,1837,1996
2652370983,13939,Richard F. Lyon,141,5382,2010
2119147541,16232,Richard Gabriel,42,1627,1998
71666084,15329,Richard H. Austing,39,709,1994
2157269769,13257,Richard Hull,272,14634,2007
2128366545,14309,Richard J. Cole,181,6134,1998
36891908,15296,Richard J. Fateman,77,1408,1999
2108052934,13522,Richard M. Fujimoto,321,10688,2017
2113585066,12962,Richard N. Taylor,231,17265,1998
2136191845,13157,Richard P. Brent,286,10453,1995
2033368653,13330,Richard R. Muntz,151,9666,1996
1989985383,11770,Richard Szeliski,343,60235,2008
699078101,13486,Richard T. Snodgrass,286,10517,1999
2618893480,12908,Rick Stevens,218,26722,2020
294129211,13399,Rina Dechter,258,13499,2013
262909221,13755,Rob A. Rutenbar,303,8169,2008
2109217526,13682,Robbert van Renesse,175,10335,2009
2228449327,13497,Robert A. Kowalski,108,10752,2001
2475573365,17118,Robert Aiken,29,616,2001
2021942052,13420,Robert B. Schnabel,160,10450,2010
2305176596,15106,Robert Cartwright,63,1865,1998
2610176178,13332,Robert E. Kahn,40,3375,2001
1975391153,12709,Robert E. Kraut,305,30498,2011
350567680,11719,Robert E. Tarjan,368,53063,1994
2147215243,13524,Robert Harper,227,14608,2005
2006104002,13828,Robert Kleinberg,186,9927,2021
2059506051,14598,Robert L. Constable,149,3025,1995
2132308597,14553,Robert L. Glass,281,3142,1999
3167806524,13632,Robert L. Grossman,345,12936,2016
2111892302,13608,Robert M. Graham,374,14742,1996
2270424441,11725,Robert Morris,273,48830,2014
2131448496,13484,Robert Schreiber,179,10761,2012
889684952,13585,Robert Sedgewick,101,9478,1997
2011551863,13371,Robert W. Floyd,39,7429,1994
2099649649,13282,Robert W. Taylor,882,29224,1994
1973589771,14526,Robert Wilensky,76,2783,1997
237969062,13317,Roberto Tamassia,312,14335,2012
2117700858,13747,Robin R. Murphy,346,9351,2019
2149195424,14239,Robin Williams,333,6984,2000
1992892501,12981,Roch Guerin,218,13107,2006
2288122487,12395,Rodney A. Brooks,219,25483,2005
2467977717,12663,Roger M. Needham,98,11614,1994
2100036403,13698,Ron Shamir,309,18919,2012
2232904012,14784,Ronald F. Boisvert,91,4081,2019
2103086064,12626,Ronald Fagin,197,25605,2000
1956695822,13391,Ronald J. Brachman,68,7679,1999
695545146,11344,Ronald L. Rivest,378,66846,1994
107632699,13836,Ronald M. Baecker,179,6780,2011
2580496752,14150,Ronald M. Kaplan,121,4840,1994
1534604502,13986,Ronitt Rubinfeld,149,6270,2014
2425011781,15743,Roy Levin,55,534,2008
2423577896,12299,Roy Want,253,24087,2005
2331811076,13641,Ruby B. Lee,288,9578,2001
2169216096,15431,Rudrapatna K. Shyamasundar,161,1149,2009
1601293841,13036,Ruzena Bajcsy,509,15061,1996
2096583854,13862,Ryen W. White,358,11913,2021
3160061748,13533,S. Muthukrishnan,159,9419,2010
2326873480,13395,S. Sitharama Iyengar,806,11769,2001
2157196917,13637,Sachin S. Sapatnekar,467,10726,2016
173843361,13708,Salil Vadhan,184,11608,2018
2021877992,12784,Salvatore J. Stolfo,330,25621,2019
2571969136,14604,Sam H. Noh,151,3609,2020
2083359406,13167,Saman Amarasinghe,232,16165,2019
2159856632,13682,Samir Khuller,216,10043,2022
2147258895,13788,Samson Abramsky,224,10352,2014
2139913828,12250,Samuel Madden,354,37171,2020
19214967,13904,Sandhya Dwarkadas,161,8997,2018
2100980789,14557,Sandy Irani,68,3803,2022
2575315241,12164,Sanjay Ghemawat,80,50256,2020
2159007752,13249,Sanjeev Arora,187,18932,2008
2242803124,13623,Sanjeev Khanna,262,11293,2018
260128524,13868,Sanjit A. Seshia,301,10312,2020
2045140648,13331,Santosh Vempala,254,13669,2015
729699849,12527,Sara Kiesler,264,35472,2010
2122497617,13300,Sarit Kraus,476,15775,2014
2108675760,13487,Satish Rao,148,11073,2013
2164966972,13652,Satoshi Matsuoka,511,9788,2011
2120666348,13036,Saul Greenberg,401,20199,2012
2212808945,14294,Scott A. Smolka,242,6795,2021
2178148597,11891,Scott Kirkpatrick,106,53820,2011
2171934779,13576,Scott Mahlke,292,12593,2020
719828399,11058,Scott Shenker,432,99986,2003
262280937,14225,Sebastian Elbaum,194,7275,2022
172400696,12709,Serge Abiteboul,303,19517,2011
2055909567,14047,Sethuraman Panchanathan,473,6234,2020
1728759264,12348,Shafi Goldwasser,170,25819,2017
2310474497,15285,Shahid H. Bokhari,46,1420,2000
2065325028,13252,Shamkant B. Navathe,249,14280,2014
2103844955,13598,Shang-Hua Teng,219,11817,2009
2156970971,13012,Sharad Malik,320,18192,2014
2669286322,13866,Sharon Oviatt,151,8238,2016
1985363956,14039,Shaz Qadeer,165,8553,2021
348962114,14056,Shlomo Zilberstein,292,8437,2021
2157771162,13578,Shmuel Winograd,72,6193,1994
2144833106,12331,Shuicheng Yan,741,52760,2020
2235212685,13570,Shumin Zhai,207,11961,2010
2127286128,13775,Shwetak N. Patel,269,9957,2016
699581604,12033,Silvio Micali,205,32339,2017
2142246817,12658,Simon Jones,1413,35471,2004
2142037325,13092,Simon S. Lam,158,8496,1998
2583112299,13756,Simson L. Garfinkel,160,6967,2012
2193269139,13014,Somesh Jha,322,23441,2016
2126325751,12960,Songwu Lu,182,17648,2019
2144410870,13273,Srdjan Capkun,260,15085,2019
672311968,14150,Srinivas Aluru,247,8542,2020
855547412,12630,Srinivas Devadas,460,26603,2014
2283071955,13216,Srinivasan Keshav,215,9760,2012
2093924322,12885,Srinivasan Seshan,193,15335,2019
2083764764,13674,Sriram K. Rajamani,167,10042,2015
1992265184,13748,Stamatis Vassiliadis,408,7786,2004
431165649,13540,Stanley B. Zdonik,133,9868,2006
2171030022,12349,Stefan Savage,185,28591,2010
519054157,13164,Stefano Ceri,467,15863,2013
343589990,13230,Stefano Soatto,434,17884,2022
2098910421,12940,Stephen A. Cook,131,13021,2008
2140034527,16113,Stephen Bourne,40,1261,2005
2146610949,14797,Stephen M. Blackburn,79,3788,2016
2129454193,12874,Stephen Robertson,211,18698,2013
2983905372,14249,Stephen T. Kent,21,1987,1998
1992278322,15174,Steve Marschner,86,3603,2021
2119343948,13472,Steve Whittaker,212,11901,2014
252695556,12879,Steven Feiner,334,16547,2018
2097134209,12593,Steven H. Low,414,28991,2020
2134777055,12877,Steven M. Seitz,181,24759,2017
2424953512,15429,Steven Scott,67,2181,2012
2120809121,16447,Stuart Feldman,25,685,1995
614907589,12311,Stuart K. Card,221,27097,2000
3174817764,12401,Stuart Russell,297,42178,2003
1354405940,13970,Subbarao Kambhampati,363,7761,2019
2133221332,13378,Subhash Suri,266,12930,2010
2118856850,12936,Subhasish Mitra,541,37256,2014
2104281610,13403,Sudipta Sengupta,125,10618,2016
3209567881,13396,Suman Banerjee,271,12167,2020
2052291672,14513,Sumi Helal,206,4446,2022
2121754334,15610,Sung-Kyu Kim,128,901,2020
156875573,13700,Sunita Sarawagi,128,9601,2021
2163909284,12756,Surajit Chaudhuri,393,24902,2005
2097328450,13845,Susan B. Davidson,189,6583,2001
1643225831,16068,Susan Dray,90,634,2017
2138159208,13619,Susan L. Graham,101,6717,1994
2952127064,15333,Susan Landau,100,1228,2011
2019529423,13665,Susan S. Owicki,34,5111,1994
676500258,11979,Susan T. Dumais,363,53168,2006
2133492747,15003,Susanne E. Hambrusch,110,2741,2020
2056441798,12674,Sushil Jajodia,709,28859,2021
1936126667,13421,Szymon Rusinkiewicz,134,15316,2021
2030993420,13344,T. V. Lakshman,146,12468,2005
1977760478,14291,Tajana Rosing,292,7203,2021
224253159,14217,Takao Nishizeki,251,4750,1996
2140539176,11272,Takeo Kanade,783,83684,1999
2131142900,13649,Tal Rabin,94,9864,2017
2104811583,14202,Tamal K. Dey,237,6835,2018
2139651035,13525,Tamara G. Kolda,175,17512,2019
665054654,13958,Tandy Warnow,276,13838,2015
2345003782,13709,Tanzeem Choudhury,149,11462,2021
2590550580,13409,Tao Jiang,1006,26125,2007
1920070090,13872,Tao Xie,369,11323,2021
1970017610,12836,Tarek Abdelzaher,538,24047,2019
2130848692,14102,Tei-Wei Kuo,407,6506,2015
2091637845,12242,Terry Winograd,184,33407,2009
2111668054,14751,Tetsuo Asano,187,2357,2001
2034849075,13571,Thomas A. DeFanti,174,7224,1994
2707196735,12422,Thomas A. Henzinger,447,37274,2006
2148869393,12018,Thomas Anderson,395,38745,2005
2121300700,13152,Thomas Ball,200,15347,2011
420267153,13532,Thomas Eiter,450,15217,2020
2183602536,14024,Thomas Erickson,209,6357,2009
2136189631,13041,Thomas Funkhouser,180,24650,2018
160031478,12584,Thomas G. Dietterich,266,30551,2002
128580411,13082,Thomas Lengauer,571,29936,2021
2135540066,12820,Thomas P. Moran,183,15904,2003
341386833,13016,Thomas Reps,329,17519,2005
2014339847,13668,Thomas Zimmermann,240,14259,2021
245171893,12129,Thorsten Joachims,202,46365,2014
2151189342,13193,Tian He,297,19391,2018
2108341226,13387,Tie-Yan Liu,480,20796,2021
621424736,15813,Tijs van der Storm,122,1003,2020
2066282134,12529,Tim Finin,567,27922,2018
1981466420,13569,Timothy Roscoe,144,8819,2013
2156731892,13595,Toby Walsh,431,13702,2020
40863599,14020,Todd C. Mowry,111,7836,2016
2128744112,13491,Tom Leighton,109,8517,2018
1980670276,13399,Tom Rodden,339,12291,2014
187031812,12806,Tomás Lozano-Pérez,198,16419,2017
672707272,14116,Toniann Pitassi,169,7763,2018
2159147199,12561,Tony Hoare,245,17398,2020
262156611,14289,Torsten Hoefler,369,7042,2022
2110223873,13636,Toshihide Ibaraki,354,9133,1999
1983463915,13830,Tova Milo,153,7145,2012
2164180442,13919,Tracy Camp,133,8828,2012
1968937847,12922,Trevor Mudge,469,21946,2016
2070867630,13152,Tuomas Sandholm,396,18883,2008
2068596995,13213,Ueli Maurer,232,12626,2015
391723092,13244,Umesh Vazirani,140,12527,2005
689294964,13041,Umeshwar Dayal,358,17360,2008
668875075,14621,Uri Weiser,75,3998,2005
2098423198,12971,Usama M. Fayyad,143,19812,2006
2159054220,14601,Utpal Banerjee,109,8743,2007
37726087,13685,Uzi Vishkin,215,9379,1996
599151389,14396,Val Tannen,111,5094,2013
2126031951,14929,Valerie King,130,3471,2014
2105362179,15099,Valerie Taylor,115,2291,2016
2170578350,16712,Venkat Rangan,30,536,1998
148409839,13794,Venkatesan Guruswami,291,9246,2017
2102146905,13716,Venu Govindaraju,448,9016,2009
716133098,11862,Vern Paxson,260,38910,2006
2114468277,14938,Vicki L. Hanson,163,3776,2004
2146492509,15156,Victor Bahl,45,831,2003
2011353662,12676,Victor R. Basili,422,23530,1997
152493642,13708,Victor Vianu,154,9507,2006
2012704994,13154,Vijay V. Vazirani,198,17906,2005
2228173237,14184,Vijaykrishnan Narayanan,359,7211,2014
1990061224,14160,Vikram Adve,120,8215,2014
2088826626,13263,Viktor K. Prasanna,816,14263,2007
24490792,14029,Vincent Conitzer,269,8881,2019
2029905547,13548,Vinton G. Cerf,246,4346,1994
2161062602,12316,Vipin Kumar,643,57723,2005
2202840633,13717,Vishal Misra,157,8894,2018
2146318055,13475,Vishwani D. Agrawal,432,9581,2002
2164197688,13537,Vivek Sarkar,355,11397,2008
1963964406,14239,Volker Markl,269,6592,2020
2127889770,12385,W. Bruce Croft,392,34350,1997
2074083528,13677,Walter F. Tichy,371,5682,2012
515099556,12582,Walter Willinger,175,24776,2005
2981772981,18019,Wang Wei,2,50,2020
2124415778,13796,Wang Yi,231,10306,2020
2175253844,14055,Wang-Chiew Tan,125,6987,2015
2079950874,13374,Watts S. Humphrey,92,6854,2008
2121069363,12835,Wen Gao,1237,26783,2013
1183556006,13043,Wen-mei W. Hwu,482,16311,2002
2079158144,14319,Wendy A. Kellogg,109,5162,2002
1925449899,13771,Wendy E. Mackay,218,6898,2019
2169720894,13457,Wendy Hall,698,12031,2010
2132396280,13953,Wenfei Fan,229,9604,2012
2155626625,12698,Wenke Lee,279,27152,2017
2118099990,14346,Wenping Wang,299,6372,2021
2111511002,13384,Wenwu Zhu,488,16896,2022
2307656538,11952,Whitfield Diffie,50,14872,2020
2257274423,13198,William A. Wulf,110,6363,1994
2326945342,13017,William Buxton,118,12913,2008
293862447,12780,William Gropp,484,25228,2006
2280265749,13970,William H. Sanders,335,7301,2003
2053339767,13930,William Kahan,63,5556,1994
2123986478,15749,William Sanders,131,1035,2003
2112716162,11794,William T. Freeman,376,57130,2016
1969171325,13877,Witold Litwin,125,4759,2001
2780386900,14407,Xavier Leroy,177,5713,2015
2111415347,13346,Xiang-Yang Li,616,18497,2019
2101761700,13951,Xiaobo Sharon Hu,316,7059,2021
2289224247,13627,Xiaodong Zhang,422,14449,2012
2134590396,13890,Xiaotie Deng,320,8728,2008
2099541584,13384,Xilin Chen,487,19723,2019
2153189671,13420,Xuedong Huang,208,13190,2016
2107070739,12995,Xuelong Li,1026,39582,2020
2240541904,14301,Yan Liu,223,8939,2021
435837623,13493,Yannis Ioannidis,284,10076,2004
2109890010,14103,Yao-Wen Chang,373,7041,2020
2145586907,12546,Yi Ma,256,43108,2017
2141485328,13398,Yi-Bing Lin,473,9395,2003
2127109347,14758,Yi-Hsuan Yang,211,4302,2021
3175291849,12988,Yiran Chen,1023,41701,2020
2078633956,12951,Yishay Mansour,388,20121,2014
2343472808,13986,Yizhou Yu,284,9627,2022
2112924421,12995,Yoav Shoham,245,19310,2012
262608878,14482,Yoelle Maarek,112,3709,2013
2145802646,13578,Yolanda Gil,331,11475,2016
2130014478,13364,Yong Rui,300,17495,2017
2073488377,13666,Yorick Wilks,417,7655,2009
1874579918,13337,Yossi Matias,189,10875,2009
2095844698,13351,Yuan Xie,723,20346,2019
2155186186,13841,Yuanyuan Zhou,131,11588,2013
2131082813,13618,Yufei Tao,207,13521,2020
2156348848,13305,Yuguang Fang,581,18186,2022
2130996983,13127,Yunhao Liu,590,24390,2015
1985207418,14382,Yuri Breitbart,95,4265,2001
2154094381,13625,Yuri Gurevich,344,9546,1997
2144042109,13270,Yvonne Rogers,347,19233,2017
388475989,15650,Z. Meral Ozsoyoglu,67,1255,2011
53579654,13920,Zachary G. Ives,130,8657,2021
2102704429,14050,Zhendong Su,168,8831,2022
2129474304,12408,Zhengyou Zhang,421,37906,2013
2286237009,12857,Zhi-Hua Zhou,598,42336,2016
2146370811,12547,Zohar Manna,232,19124,1994
1984842272,13514,Zvi Galil,156,6915,1995
2044130634,12622,Zygmunt J. Haas,301,21745,2021
2009277913,12825,Éva Tardos,192,24535,1998
